manuscript_citekey	detagged_citekey	standard_citekey	short_citekey
doi:10.1002/jcb.21209	doi:10.1002/jcb.21209	doi:10.1002/jcb.21209	sQVRXAVl
doi:10.1158/2159-8290.CD-15-0671	doi:10.1158/2159-8290.CD-15-0671	doi:10.1158/2159-8290.cd-15-0671	KAVoATOK
doi:10.1371/journal.pcbi.1007128	doi:10.1371/journal.pcbi.1007128	doi:10.1371/journal.pcbi.1007128	YuJbg3zO
doi:10.5114/aoms.2016.63743	doi:10.5114/aoms.2016.63743	doi:10.5114/aoms.2016.63743	19n3w0dMn
