manuscript_citekey	detagged_citekey	standard_citekey	short_citekey
doi:10.1002/jcb.21209	doi:10.1002/jcb.21209	doi:10.1002/jcb.21209	sQVRXAVl
doi:10.1073/pnas.1918607117	doi:10.1073/pnas.1918607117	doi:10.1073/pnas.1918607117	cP0DXWPm
doi:10.1158/2159-8290.CD-15-0671	doi:10.1158/2159-8290.CD-15-0671	doi:10.1158/2159-8290.cd-15-0671	KAVoATOK
doi:10.1371/journal.pcbi.1007128	doi:10.1371/journal.pcbi.1007128	doi:10.1371/journal.pcbi.1007128	YuJbg3zO
doi:10.1371/journal.pone.0177737	doi:10.1371/journal.pone.0177737	doi:10.1371/journal.pone.0177737	HFNrejAA
doi:10.3389/fmolb.2020.00033	doi:10.3389/fmolb.2020.00033	doi:10.3389/fmolb.2020.00033	WN8V4jLN
doi:10.3390/cancers12030690	doi:10.3390/cancers12030690	doi:10.3390/cancers12030690	zle51Piv
doi:10.5114/aoms.2016.63743	doi:10.5114/aoms.2016.63743	doi:10.5114/aoms.2016.63743	19n3w0dMn
